entry,occurrences
game,1722
bet,1488
ko,1479
casino,1185
play,1017
onlin,813
bonus,695
slot,639
use,609
websit,526
jackpot,519
account,504
win,489
player,472
offer,433
inform,423
time,410
sport,400
count,387
null,373
event,371
data,367
new,357
may,334
us,332
servic,326
undefin,324
deposit,321
place,311
live,300
typeof,287
filter,280
track,277
limit,275
promot,275
right,271
toggl,270
provid,266
custom,265
user,258
spin,254
best,250
name,244
get,239
one,237
countri,237
poker,235
odd,234
free,231
cash,230
start,223
make,222
gambl,219
oper,217
templat,217
prize,216
term,215
pleas,211
avail,211
true,211
select,207
includ,207
uk,206
roulett,206
person,205
foreach,198
tournament,197
access,195
return,195
leagu,193
menu,193
money,192
market,191
find,190
reserv,183
experi,181
number,180
respons,179
also,176
ms,175
fals,174
like,172
card,171
p,171
day,168
mobil,166
li,166
first,164
function,162
regist,161
take,159
stake,158
everi,156
accept,154
shall,154
featur,152
blackjack,149
king,148
request,146
licens,143
requir,142
filtereditem,137
tabl,136
way,134
https,134
top,133
american,132
real,131
appli,130
fund,130
enjoy,129
x,129
race,128
activ,128
progress,128
winner,126
withdraw,124
match,124
row,124
footbal,123
item,123
follow,122
list,121
must,119
rule,119
chang,118
page,116
licenc,115
chanc,115
reason,114
secur,113
collect,113
regul,112
process,112
malta,112
result,112
team,111
decim,111
hollywoodbet,109
fraction,109
bodi,107
discret,107
action,106
support,106
sp,106
choos,105
well,105
mi,105
oi,105
od,105
oc,105
even,104
receiv,104
go,103
open,103
balanc,103
bingo,102
ensur,101
jackpotc,101
week,100
rang,100
set,100
valu,100
wager,99
intern,99
total,99
popular,99
want,98
particip,98
look,97
amount,97
help,96
need,96
polici,96
reel,96
form,96
enter,96
gamejackpotbycurr,96
give,95
issu,95
content,94
point,94
great,94
full,94
within,90
compani,90
via,89
wheel,88
special,88
condit,88
big,88
detail,87
softwar,86
video,86
continu,85
privaci,85
welcom,85
exclus,85
age,85
contact,84
sole,84
favourit,84
siteid,84
reward,83
world,83
address,82
third,81
cs,81
date,81
link,81
classic,81
without,80
round,80
app,78
home,78
click,78
qualifi,78
draw,78
download,77
huge,77
parti,76
allow,76
mani,76
legal,76
div,75
base,74
singl,74
subject,73
tonybet,73
gibraltar,72
join,72
tri,72
whether,72
south,71
alway,71
hors,71
option,71
possibl,71
credit,70
email,69
differ,68
check,68
code,68
competit,68
import,68
type,67
browser,67
part,67
month,67
come,67
phs,67
pas,67
pn,67
cp,67
updat,66
sure,66
award,66
daili,66
agre,66
close,66
log,65
price,65
maximum,65
high,65
product,65
minimum,64
run,64
period,64
dealer,64
payout,63
know,63
immedi,63
premier,62
year,62
pot,62
hand,62
bring,61
keep,61
group,61
back,60
ad,60
phone,60
password,60
see,60
latest,60
entertain,60
prefer,59
databasedien,59
isantepost,59
devic,58
regulatori,58
could,58
mean,58
claim,58
author,57
hold,57
virtual,57
protect,57
ifnot,57
display,56
st,56
abl,56
load,56
visit,56
bank,56
purpos,56
applic,56
super,55
ident,55
current,55
manag,55
transact,55
c,54
suit,54
error,54
otherwis,54
sportsbook,53
media,53
navig,53
today,53
fc,53
per,53
excit,53
relat,53
evolutiongam,53
would,53
gametitl,53
power,52
suspend,52
made,52
someth,52
unibet,51
connect,51
hour,51
ireland,51
cooki,50
valid,50
easi,50
chat,50
enablefavouriteswidget,50
payment,49
relev,49
ltd,49
hot,49
island,49
offic,48
gold,48
note,48
quick,48
transfer,48
accord,48
void,48
hill,48
state,47
golden,47
earn,47
fun,47
choic,47
read,47
complet,47
internet,47
biggest,47
certain,47
feel,47
safe,47
slide,46
version,46
desktop,46
creat,46
agent,46
call,46
break,46
wild,46
intertop,46
enabl,45
titl,45
wait,45
soccer,45
b,45
addit,45
vega,45
messag,45
ball,45
individu,44
guarante,44
lucki,44
order,44
varieti,44
instant,44
william,44
good,43
site,43
champion,43
citi,43
either,43
basketbal,43
img,43
button,43
opt,43
baccarat,43
regular,43
necessari,42
share,42
treasur,42
ice,42
next,42
howev,42
spinia,42
web,42
sign,41
becom,41
busi,41
loss,41
slip,41
histori,41
commiss,40
govern,40
consent,40
march,40
mega,40
fortun,40
never,40
tenni,40
entri,40
multipl,40
two,40
system,40
confirm,40
pay,40
effect,40
eur,40
store,39
last,39
megaway,39
away,39
four,39
potenti,39
improv,39
step,39
still,39
machin,39
settl,39
tablet,38
public,38
seri,38
three,38
doubl,38
document,38
correct,38
theme,38
f,38
withwidget,38
min,37
partner,37
method,37
across,37
copyright,37
land,37
africa,37
line,37
max,37
show,37
hi,37
v,37
symbol,37
key,37
social,36
refer,36
around,36
simpli,36
much,36
better,36
work,36
lms,36
upon,36
si,36
ss,36
sporttypeid,36
found,35
cup,35
interest,35
block,35
hockey,35
add,35
determin,35
acknowledg,35
entrant,35
control,35
r,35
consid,35
second,35
love,35
tip,35
except,35
hn,35
tm,35
gi,35
ai,35
sr,35
ln,35
cn,35
msi,35
hs,35
et,35
ps,35
mol,35
mn,35
sf,35
ocl,35
sh,35
sfs,35
mos,35
forfeit,34
advertis,34
thrill,34
increas,34
luck,34
brows,34
level,34
betslip,34
communic,34
tie,34
european,34
readi,34
lead,34
comput,34
incred,34
remot,34
categori,34
platform,34
restrict,34
enablesportsquicknavig,34
law,33
book,33
em,33
room,33
germani,33
respect,33
statement,33
extra,33
section,33
oblig,33
materi,33
isliv,33
britain,32
size,32
background,32
de,32
addict,31
search,31
login,31
ticket,31
skill,31
itemsport,31
sportlist,31
club,31
footer,31
notic,31
deem,31
damag,31
registr,31
send,31
risk,31
uniqu,31
qualiti,31
locat,31
bookmak,31
pri,31
personalis,30
understand,30
text,30
major,30
loyalti,30
score,30
getplayerlist,30
alreadi,30
kind,30
anoth,30
automat,30
tipico,30
red,30
general,30
lmid,30
strt,30
rnm,30
fpri,30
prz,30
ty,30
gtn,30
vous,30
brand,29
advantag,29
deal,29
wide,29
drop,29
liga,29
esport,29
rugbi,29
box,29
index,29
releas,29
combin,29
highest,29
compli,29
cancel,29
fan,29
variant,29
least,29
boost,29
cheltenham,28
affili,28
million,28
wish,28
offici,28
england,28
got,28
none,28
monday,28
success,28
plus,28
fantast,28
equal,28
jurisdict,28
outcom,28
believ,28
remov,28
charg,28
span,28
isonlin,28
ladbrok,28
trust,27
commission,27
languag,27
end,27
divis,27
egypt,27
notif,27
slider,27
associ,27
pick,27
post,27
vip,27
face,27
discov,27
particular,27
absolut,27
outsid,27
style,27
identifi,27
expressli,27
rich,26
pool,26
everyon,26
copi,26
direct,26
standard,26
regard,26
premium,26
thank,26
incorpor,26
happen,26
nhl,26
blog,26
legend,26
prevent,26
javascript,26
tab,26
crown,26
occur,26
coral,26
showmarketshortcod,26
royal,25
random,25
contain,25
challeng,25
goal,25
championship,25
nation,25
turn,25
final,25
notifi,25
industri,25
black,25
ever,25
contribut,25
opportun,25
circumst,25
sent,25
whilst,25
expiri,25
paddi,25
ii,24
learn,24
mysteri,24
profession,24
recommend,24
uefa,24
predict,24
permit,24
verif,24
african,24
minut,24
reach,24
deliv,24
technolog,24
dedic,24
news,24
lucrat,24
lost,24
ocean,24
graphic,24
betway,24
measur,24
specif,24
trigger,24
enableregistrationbutton,24
ismatchinfodefin,24
enableminpayoutonsystembet,24
enablenetpayout,24
enablestretchpayout,24
report,23
rank,23
color,23
tiposport,23
voucher,23
stand,23
expect,23
paid,23
star,23
cool,23
hous,23
thing,23
might,23
review,23
icon,23
en,23
abil,23
tonybetpok,23
lose,22
lobbi,22
unit,22
client,22
member,22
employe,22
given,22
remain,22
abus,22
irregular,22
betfair,22
profit,22
everyth,22
plenti,22
perfect,22
begin,22
basi,22
attempt,22
gameplay,22
agreement,22
investig,22
playoff,22
instanceof,22
unless,21
act,21
packag,21
sit,21
fair,21
franc,21
un,21
submit,21
overal,21
generat,21
meet,21
caus,21
five,21
calcul,21
telephon,21
facebook,21
aris,21
immers,21
advanc,21
cours,21
matter,21
banner,21
global,21
perform,21
variat,21
commit,21
omiss,21
provis,21
hasbetradarlivestream,21
enablehomepagesidebysidelayout,21
visitor,20
watch,20
android,20
friend,20
primera,20
previous,20
liabil,20
half,20
proof,20
invalid,20
strategi,20
god,20
diamond,20
long,20
night,20
alongsid,20
spend,20
pro,20
involv,20
tradit,20
format,20
rake,20
due,20
compon,20
rais,20
server,20
main,19
hunter,19
itali,19
develop,19
fast,19
usernam,19
republ,19
bundesliga,19
fixtur,19
hollywood,19
fix,19
termin,19
intend,19
amend,19
old,19
playtech,19
warranti,19
hit,19
ultim,19
latestwinnerspr,19
whatev,19
along,19
altern,19
revenu,19
anywher,19
profil,19
encrypt,19
head,19
think,19
specifi,19
toward,19
side,19
initi,19
stage,19
yebo,19
organis,18
statist,18
small,18
dead,18
august,18
problem,18
redeem,18
massiv,18
fff,18
cricket,18
whole,18
origin,18
financi,18
info,18
forgot,18
design,18
jack,18
authent,18
sinc,18
decid,18
chip,18
spinner,18
program,18
comp,18
wrapper,18
resid,18
assist,18
higher,18
rise,18
suppli,18
ask,18
ew,18
sanction,18
prohibit,18
ja,18
usd,18
ukgc,18
debt,18
mistak,18
pattern,18
betonlin,18
interact,17
engag,17
strict,17
declar,17
moolah,17
magic,17
move,17
wherev,17
mga,17
stream,17
villa,17
modifi,17
guid,17
la,17
nba,17
union,17
board,17
punter,17
announc,17
finish,17
scratch,17
tool,17
wallet,17
speed,17
fruit,17
gmt,17
currenc,17
exclud,17
dragon,17
amaz,17
trail,17
soon,17
whenev,17
test,17
cover,17
gtbet,17
accumul,17
eye,17
various,17
bar,17
longer,17
kingdom,17
agenc,17
closur,17
write,17
trade,17
women,17
searchgam,17
gamenam,17
gamesearch,17
sortbi,17
street,16
basic,16
publish,16
predictor,16
tv,16
train,16
present,16
taken,16
carri,16
life,16
holder,16
retain,16
prior,16
fail,16
greater,16
decis,16
unabl,16
exchang,16
irish,16
enough,16
instal,16
revers,16
usag,16
adventur,16
mode,16
worth,16
among,16
bigger,16
practic,16
enhanc,16
cashback,16
calcio,16
cashier,16
technic,16
throughout,16
edit,16
blueprint,16
leovega,16
offenc,16
appropri,16
betvictor,16
repres,16
nav,16
rememb,15
togeth,15
appear,15
leicest,15
sorri,15
view,15
straight,15
googl,15
turkey,15
sweden,15
coupon,15
da,15
pti,15
